../images/-56.68,-5.21_2020-08-07.jpg,173,616,420,918,illegal
../images/-56.68,-5.25_2020-08-07.jpg,145,485,206,542,illegal
../images/-56.68,-5.25_2020-08-07.jpg,335,548,641,743,illegal
../images/-56.68,-5.25_2020-08-07.jpg,720,805,873,1000,illegal
../images/-56.68,-5.25_2020-08-07.jpg,817,370,987,608,illegal
../images/-56.68,-5.33_2020-08-07.jpg,1,57,355,359,illegal
../images/-56.68,-5.33_2020-08-07.jpg,124,606,258,764,illegal
../images/-56.68,-5.33_2020-08-07.jpg,258,571,463,1000,illegal
../images/-56.68,-5.37_2020-08-07.jpg,1,262,25,292,illegal
../images/-56.68,-5.37_2020-08-07.jpg,273,547,537,975,illegal
../images/-56.68,-5.37_2020-08-07.jpg,429,1,609,79,illegal
../images/-56.68,-5.37_2020-08-07.jpg,46,362,173,449,illegal
../images/-56.68,-5.37_2020-08-07.jpg,588,668,636,697,illegal
../images/-56.68,-5.37_2020-08-07.jpg,654,633,1000,964,illegal
../images/-56.72,-5.21_2020-08-07.jpg,1,410,24,434,illegal
../images/-56.72,-5.21_2020-08-07.jpg,1,491,22,520,illegal
../images/-56.72,-5.21_2020-08-07.jpg,231,1,375,195,illegal
../images/-56.72,-5.21_2020-08-07.jpg,387,845,475,1000,illegal
../images/-56.72,-5.21_2020-08-07.jpg,404,244,486,268,illegal
../images/-56.72,-5.21_2020-08-07.jpg,834,296,881,383,illegal
../images/-56.72,-5.25_2020-08-07.jpg,438,1,492,31,illegal
../images/-56.72,-5.25_2020-08-07.jpg,492,31,926,369,illegal
../images/-56.72,-5.25_2020-08-07.jpg,680,541,830,899,illegal
../images/-56.72,-5.25_2020-08-07.jpg,790,470,844,550,illegal
../images/-56.72,-5.25_2020-08-07.jpg,804,404,846,457,illegal
../images/-56.72,-5.33_2020-08-07.jpg,1,9,297,308,illegal
../images/-56.72,-5.33_2020-08-07.jpg,124,340,256,480,illegal
../images/-56.72,-5.33_2020-08-07.jpg,270,458,302,498,illegal
../images/-56.72,-5.33_2020-08-07.jpg,335,489,545,764,illegal
../images/-56.72,-5.33_2020-08-07.jpg,345,269,396,335,illegal
../images/-56.72,-5.33_2020-08-07.jpg,433,339,958,606,illegal
../images/-56.72,-5.33_2020-08-07.jpg,615,665,745,737,illegal
../images/-56.72,-5.33_2020-08-07.jpg,741,191,925,404,illegal
../images/-56.72,-5.33_2020-08-07.jpg,745,720,824,787,illegal
../images/-56.72,-5.33_2020-08-07.jpg,801,761,968,1000,illegal
../images/-56.72,-5.33_2020-08-07.jpg,941,62,1000,185,illegal
../images/-56.76,-5.29_2020-08-07.jpg,1,564,62,770,illegal
../images/-56.76,-5.29_2020-08-07.jpg,347,802,958,1000,illegal
../images/-56.76,-5.29_2020-08-07.jpg,78,767,337,883,illegal
../images/-56.76,-5.33_2020-08-07.jpg,803,77,820,113,illegal
../images/-56.76,-5.33_2020-08-07.jpg,904,1,1000,177,illegal
../images/-56.76,-5.41_2020-08-07.jpg,200,429,252,479,illegal
../images/-56.76,-5.45_2020-08-07.jpg,396,280,574,449,illegal
../images/-56.76,-5.45_2020-08-07.jpg,489,638,667,1000,illegal
../images/-56.76,-5.45_2020-08-07.jpg,513,463,633,603,illegal
../images/-56.76,-5.45_2020-08-07.jpg,698,64,810,118,illegal
../images/-56.76,-5.49_2020-08-07.jpg,628,1,847,237,illegal
../images/-56.8,-5.17_2020-08-07.jpg,1,551,81,610,illegal
../images/-56.8,-5.17_2020-08-07.jpg,419,560,591,636,illegal
../images/-56.8,-5.17_2020-08-07.jpg,884,603,957,662,illegal
../images/-56.8,-5.25_2020-08-07.jpg,6,898,119,1000,illegal
../images/-56.8,-5.29_2020-08-07.jpg,175,26,353,184,illegal
../images/-56.8,-5.29_2020-08-07.jpg,237,471,305,568,illegal
../images/-56.8,-5.29_2020-08-07.jpg,354,166,438,281,illegal
../images/-56.8,-5.29_2020-08-07.jpg,37,1,119,48,illegal
../images/-56.8,-5.29_2020-08-07.jpg,551,221,642,297,illegal
../images/-56.8,-5.29_2020-08-07.jpg,886,835,963,999,illegal
../images/-56.8,-5.33_2020-08-07.jpg,1,278,51,337,illegal
../images/-56.8,-5.33_2020-08-07.jpg,891,1,965,101,illegal
../images/-56.8,-5.41_2020-08-07.jpg,373,897,440,1000,illegal
../images/-56.8,-5.41_2020-08-07.jpg,433,414,527,488,illegal
../images/-56.8,-5.41_2020-08-07.jpg,601,267,699,433,illegal
../images/-56.8,-5.41_2020-08-07.jpg,726,176,772,232,illegal
../images/-56.8,-5.41_2020-08-07.jpg,794,101,856,194,illegal
../images/-56.8,-5.41_2020-08-07.jpg,881,1,1000,88,illegal
../images/-56.8,-5.49_2020-08-07.jpg,137,239,179,329,illegal
../images/-56.8,-5.49_2020-08-07.jpg,218,53,269,228,illegal
../images/-56.8,-5.49_2020-08-07.jpg,520,514,644,599,illegal
../images/-56.8,-5.49_2020-08-07.jpg,750,380,831,545,illegal
../images/-56.84,-5.21_2020-08-07.jpg,46,355,241,858,illegal
../images/-56.84,-5.21_2020-08-07.jpg,93,112,181,209,illegal
../images/-56.84,-5.29_2020-08-07.jpg,495,975,523,992,illegal
../images/-56.84,-5.29_2020-08-07.jpg,920,931,997,995,illegal
../images/-56.84,-5.41_2020-08-07.jpg,224,119,361,214,illegal
../images/-56.84,-5.41_2020-08-07.jpg,301,303,381,431,illegal
../images/-56.84,-5.41_2020-08-07.jpg,393,482,486,679,illegal
../images/-56.84,-5.41_2020-08-07.jpg,494,851,598,1000,illegal
../images/-56.84,-5.45_2020-08-07.jpg,251,779,490,1000,illegal
../images/-56.84,-5.45_2020-08-07.jpg,341,389,1000,577,illegal
../images/-56.84,-5.45_2020-08-07.jpg,381,577,528,777,illegal
../images/-56.84,-5.45_2020-08-07.jpg,484,624,718,684,illegal
../images/-56.84,-5.45_2020-08-07.jpg,520,1,601,78,illegal
../images/-56.84,-5.45_2020-08-07.jpg,546,70,647,400,illegal
../images/-56.84,-5.45_2020-08-07.jpg,690,136,937,234,illegal
../images/-56.84,-5.45_2020-08-07.jpg,984,156,1000,185,illegal
../images/-56.84,-5.49_2020-08-07.jpg,1,1,323,398,illegal
../images/-56.84,-5.49_2020-08-07.jpg,1,670,159,866,illegal
../images/-56.84,-5.49_2020-08-07.jpg,13,895,102,957,illegal
../images/-56.84,-5.49_2020-08-07.jpg,199,398,333,556,illegal
../images/-56.88,-5.25_2020-08-07.jpg,419,400,520,591,illegal
../images/-56.88,-5.25_2020-08-07.jpg,687,655,726,738,illegal
../images/-56.88,-5.45_2020-08-07.jpg,1,643,191,859,illegal
../images/-56.88,-5.45_2020-08-07.jpg,285,865,345,1000,illegal
../images/-56.88,-5.45_2020-08-07.jpg,304,618,424,694,illegal
../images/-56.88,-5.45_2020-08-07.jpg,515,449,549,549,illegal
../images/-56.88,-5.45_2020-08-07.jpg,566,936,625,1000,illegal
../images/-56.88,-5.45_2020-08-07.jpg,593,701,674,883,illegal
../images/-56.88,-5.45_2020-08-07.jpg,823,198,898,368,illegal
../images/-56.88,-5.49_2020-08-07.jpg,1,1,134,162,illegal
../images/-56.88,-5.49_2020-08-07.jpg,1,487,46,548,illegal
../images/-56.88,-5.49_2020-08-07.jpg,173,798,454,1000,illegal
../images/-56.88,-5.49_2020-08-07.jpg,183,300,253,375,illegal
../images/-56.88,-5.49_2020-08-07.jpg,209,1,300,96,illegal
../images/-56.88,-5.49_2020-08-07.jpg,267,224,373,364,illegal
../images/-56.88,-5.49_2020-08-07.jpg,366,155,499,284,illegal
../images/-56.88,-5.49_2020-08-07.jpg,374,571,450,612,illegal
../images/-56.88,-5.49_2020-08-07.jpg,424,407,629,764,illegal
../images/-56.88,-5.49_2020-08-07.jpg,468,776,522,820,illegal
../images/-56.88,-5.49_2020-08-07.jpg,530,969,572,998,illegal
../images/-56.88,-5.49_2020-08-07.jpg,644,910,678,1000,illegal
../images/-56.88,-5.49_2020-08-07.jpg,684,664,766,880,illegal
../images/-56.88,-5.49_2020-08-07.jpg,696,546,850,650,illegal
../images/-56.88,-5.49_2020-08-07.jpg,768,284,1000,560,illegal
../images/-56.88,-5.49_2020-08-07.jpg,93,75,356,261,illegal
../images/-56.92,-5.45_2020-08-07.jpg,1,1,97,149,illegal
../images/-56.92,-5.45_2020-08-07.jpg,1,785,142,976,illegal
../images/-56.92,-5.45_2020-08-07.jpg,1,325,228,696,illegal
../images/-56.92,-5.45_2020-08-07.jpg,220,183,341,424,illegal
../images/-56.92,-5.45_2020-08-07.jpg,290,428,550,555,illegal
../images/-56.92,-5.45_2020-08-07.jpg,529,851,629,916,illegal
../images/-56.92,-5.45_2020-08-07.jpg,534,265,622,481,illegal
../images/-56.92,-5.45_2020-08-07.jpg,538,532,798,785,illegal
../images/-56.92,-5.45_2020-08-07.jpg,716,796,813,899,illegal
../images/-56.92,-5.45_2020-08-07.jpg,738,420,884,634,illegal
../images/-56.92,-5.45_2020-08-07.jpg,780,745,1000,1000,illegal
../images/-56.92,-5.45_2020-08-07.jpg,89,21,238,199,illegal
../images/-56.92,-5.49_2020-08-07.jpg,170,515,373,987,illegal
../images/-56.92,-5.49_2020-08-07.jpg,255,342,335,378,illegal
../images/-56.92,-5.49_2020-08-07.jpg,27,1,105,64,illegal
../images/-56.92,-5.49_2020-08-07.jpg,339,597,450,670,illegal
../images/-56.92,-5.49_2020-08-07.jpg,711,382,841,441,illegal
../images/-56.92,-5.49_2020-08-07.jpg,725,116,753,141,illegal
../images/-56.92,-5.49_2020-08-07.jpg,764,46,924,102,illegal
../images/-56.92,-5.49_2020-08-07.jpg,77,113,218,368,illegal
../images/-56.92,-5.49_2020-08-07.jpg,849,330,886,366,illegal
../images/-56.92,-5.49_2020-08-07.jpg,873,949,998,996,illegal
../images/-56.92,-5.49_2020-08-07.jpg,914,1,1000,131,illegal
../images/-56.92,-5.49_2020-08-07.jpg,958,414,1000,453,illegal
../images/-56.92,-5.49_2020-08-07.jpg,970,511,1000,552,illegal
../images/-56.96,-5.37_2020-08-07.jpg,428,74,592,171,illegal
../images/-56.96,-5.37_2020-08-07.jpg,568,149,671,364,illegal
../images/-56.96,-5.37_2020-08-07.jpg,652,556,781,675,illegal
../images/-56.96,-5.37_2020-08-07.jpg,662,315,723,527,illegal
../images/-56.96,-5.37_2020-08-07.jpg,749,685,948,850,illegal
../images/-56.96,-5.37_2020-08-07.jpg,841,933,934,1000,illegal
../images/-56.96,-5.41_2020-08-07.jpg,1,142,218,405,illegal
../images/-56.96,-5.41_2020-08-07.jpg,485,181,798,317,illegal
../images/-56.96,-5.41_2020-08-07.jpg,748,408,864,571,illegal
../images/-56.96,-5.41_2020-08-07.jpg,789,274,850,378,illegal
../images/-56.96,-5.41_2020-08-07.jpg,803,79,870,180,illegal
../images/-56.96,-5.41_2020-08-07.jpg,834,1,926,74,illegal
../images/-56.96,-5.41_2020-08-07.jpg,835,636,928,810,illegal
../images/-56.96,-5.41_2020-08-07.jpg,890,91,916,135,illegal
../images/-56.96,-5.41_2020-08-07.jpg,975,770,1000,1000,illegal
../images/-56.96,-5.45_2020-08-07.jpg,1,190,303,726,illegal
../images/-56.96,-5.45_2020-08-07.jpg,330,555,367,576,illegal
../images/-56.96,-5.45_2020-08-07.jpg,398,977,421,1000,illegal
../images/-56.96,-5.45_2020-08-07.jpg,638,956,703,1000,illegal
../images/-56.96,-5.45_2020-08-07.jpg,740,933,810,1000,illegal
../images/-56.96,-5.45_2020-08-07.jpg,758,690,831,790,illegal
../images/-56.96,-5.45_2020-08-07.jpg,814,730,929,908,illegal
../images/-56.96,-5.45_2020-08-07.jpg,933,588,1000,867,illegal
../images/-56.96,-5.49_2020-08-07.jpg,314,1,797,240,illegal
../images/-56.96,-5.49_2020-08-07.jpg,451,348,487,379,illegal
../images/-56.96,-5.49_2020-08-07.jpg,938,23,1000,48,illegal
../images/-57.0,-5.09_2020-08-07.jpg,31,798,103,999,illegal
../images/-57.0,-5.09_2020-08-07.jpg,565,460,828,693,illegal
../images/-57.0,-5.09_2020-08-07.jpg,805,354,873,486,illegal
../images/-57.0,-5.09_2020-08-07.jpg,878,482,1000,527,illegal
../images/-57.0,-5.45_2020-08-07.jpg,559,293,643,406,illegal
../images/-57.0,-5.45_2020-08-07.jpg,627,1,890,187,illegal
../images/-57.0,-5.45_2020-08-07.jpg,898,179,1000,252,illegal
../images/-57.12,-5.41_2020-08-07.jpg,1,35,268,225,illegal
../images/-57.12,-5.41_2020-08-07.jpg,140,398,260,608,illegal
../images/-57.12,-5.41_2020-08-07.jpg,31,625,157,895,illegal
../images/-57.12,-5.45_2020-08-07.jpg,211,98,363,343,illegal
../images/-57.12,-5.45_2020-08-07.jpg,291,838,307,861,illegal
../images/-57.12,-5.45_2020-08-07.jpg,313,897,350,995,illegal
../images/-57.12,-5.45_2020-08-07.jpg,316,332,459,605,illegal
../images/-57.12,-5.45_2020-08-07.jpg,455,568,942,784,illegal
../images/-57.12,-5.45_2020-08-07.jpg,593,99,631,162,illegal
../images/-57.12,-5.49_2020-08-07.jpg,1,353,181,551,illegal
../images/-57.12,-5.49_2020-08-07.jpg,1,581,129,711,illegal
../images/-57.12,-5.49_2020-08-07.jpg,107,532,179,590,illegal
../images/-57.12,-5.49_2020-08-07.jpg,205,540,446,637,illegal
../images/-57.12,-5.49_2020-08-07.jpg,278,299,371,370,illegal
../images/-57.12,-5.49_2020-08-07.jpg,445,486,645,593,illegal
../images/-57.12,-5.49_2020-08-07.jpg,628,256,1000,485,illegal
../images/-57.12,-5.49_2020-08-07.jpg,666,901,700,973,illegal
../images/-56.72,-5.37_2020-08-07.jpg,368,642,403,691,illegal
../images/-56.72,-5.37_2020-08-07.jpg,870,1,978,149,illegal
../images/-56.72,-5.37_2020-08-07.jpg,951,233,1000,314,illegal
../images/-56.8,-5.45_2020-08-07.jpg,1,111,93,213,illegal
../images/-56.8,-5.45_2020-08-07.jpg,1,524,167,642,illegal
../images/-56.8,-5.45_2020-08-07.jpg,125,1,248,117,illegal
../images/-56.8,-5.45_2020-08-07.jpg,516,396,612,524,illegal
../images/-56.8,-5.45_2020-08-07.jpg,814,657,876,741,illegal
../images/-56.84,-5.25_2020-08-07.jpg,279,4,379,75,illegal
../images/-56.84,-5.25_2020-08-07.jpg,471,245,530,286,illegal
../images/-56.84,-5.25_2020-08-07.jpg,559,320,678,499,illegal
../images/-56.84,-5.25_2020-08-07.jpg,662,498,752,576,illegal
../images/-56.84,-5.25_2020-08-07.jpg,750,584,1000,856,illegal
../images/-56.96,-5.33_2020-08-07.jpg,1,775,209,898,illegal
../images/-56.96,-5.33_2020-08-07.jpg,170,795,254,850,illegal
../images/-56.96,-5.33_2020-08-07.jpg,338,818,426,893,illegal
../images/-56.96,-5.33_2020-08-07.jpg,490,886,546,988,illegal
