../images/-61.36,-9.25_2020-10-09.jpg,1,437,154,796,illegal
../images/-61.36,-9.25_2020-10-09.jpg,165,787,291,928,illegal
../images/-61.36,-9.25_2020-10-09.jpg,303,886,396,935,illegal
../images/-61.36,-9.25_2020-10-09.jpg,36,947,146,1000,illegal
../images/-61.36,-9.25_2020-10-09.jpg,445,859,718,1000,illegal
../images/-61.36,-9.25_2020-10-09.jpg,741,873,1000,1000,illegal
../images/-61.36,-9.25_2020-10-09.jpg,776,508,890,781,illegal
../images/-61.36,-9.29_2020-10-09.jpg,1,1,236,558,illegal
../images/-61.36,-9.29_2020-10-09.jpg,248,215,500,339,illegal
../images/-61.36,-9.29_2020-10-09.jpg,274,1,476,212,illegal
../images/-61.36,-9.29_2020-10-09.jpg,346,384,465,714,illegal
../images/-61.36,-9.29_2020-10-09.jpg,455,1,1000,213,illegal
../images/-61.36,-9.29_2020-10-09.jpg,668,534,702,569,illegal
../images/-61.36,-9.29_2020-10-09.jpg,703,167,1000,504,illegal
../images/-61.4,-9.25_2020-10-09.jpg,326,782,722,940,illegal
../images/-61.4,-9.25_2020-10-09.jpg,693,282,728,315,illegal
../images/-61.4,-9.25_2020-10-09.jpg,753,709,1000,1000,illegal
../images/-61.4,-9.25_2020-10-09.jpg,769,336,1000,480,illegal
../images/-63.24,-10.08_2020-08-23.jpg,1,704,56,787,illegal
../images/-63.24,-10.08_2020-08-23.jpg,175,628,277,709,illegal
../images/-63.24,-10.08_2020-08-23.jpg,384,797,502,933,illegal
../images/-63.24,-10.08_2020-08-23.jpg,465,475,483,509,illegal
../images/-63.24,-10.08_2020-08-23.jpg,581,577,617,602,illegal
../images/-63.24,-10.08_2020-08-23.jpg,680,953,725,1000,illegal
../images/-63.24,-10.08_2020-08-23.jpg,687,728,755,744,illegal
../images/-63.24,-10.08_2020-08-23.jpg,726,529,750,555,illegal
../images/-63.24,-10.08_2020-08-23.jpg,778,651,892,756,illegal
../images/-63.24,-10.08_2020-08-23.jpg,888,558,931,606,illegal
../images/-63.24,-10.08_2020-08-23.jpg,892,461,921,483,illegal
../images/-63.24,-10.08_2020-08-23.jpg,972,663,1000,691,illegal
../images/-63.24,-10.08_2020-08-23.jpg,973,238,1000,257,illegal
../images/-63.24,-10.0_2020-08-23.jpg,152,957,268,1000,illegal
../images/-63.24,-10.0_2020-08-23.jpg,269,666,378,918,illegal
../images/-63.24,-10.0_2020-08-23.jpg,463,365,531,563,illegal
../images/-63.24,-10.0_2020-08-23.jpg,58,467,191,578,illegal
../images/-63.24,-10.0_2020-08-23.jpg,694,607,961,777,illegal
../images/-63.24,-10.0_2020-08-23.jpg,822,526,869,575,illegal
../images/-63.24,-9.84_2020-08-23.jpg,371,174,405,228,illegal
../images/-63.24,-9.84_2020-08-23.jpg,742,130,775,201,illegal
../images/-63.24,-9.84_2020-08-23.jpg,846,117,885,199,illegal
../images/-63.24,-9.88_2020-08-23.jpg,131,309,205,351,illegal
../images/-63.24,-9.88_2020-08-23.jpg,566,306,649,407,illegal
../images/-63.24,-9.88_2020-08-23.jpg,569,175,607,217,illegal
../images/-63.24,-9.88_2020-08-23.jpg,652,256,903,405,illegal
../images/-63.24,-9.88_2020-08-23.jpg,747,185,771,229,illegal
../images/-63.24,-9.88_2020-08-23.jpg,824,416,924,594,illegal
../images/-63.24,-9.8_2020-08-23.jpg,355,1,455,80,illegal
../images/-63.24,-9.8_2020-08-23.jpg,722,12,786,70,illegal
../images/-63.24,-9.8_2020-08-23.jpg,947,1,1000,103,illegal
../images/-63.24,-9.96_2020-08-23.jpg,26,329,212,456,illegal
../images/-63.24,-9.96_2020-08-23.jpg,358,208,701,480,illegal
../images/-63.24,-9.96_2020-08-23.jpg,493,41,705,178,illegal
../images/-63.24,-9.96_2020-08-23.jpg,565,487,721,586,illegal
../images/-63.24,-9.96_2020-08-23.jpg,725,964,762,992,illegal
../images/-63.24,-9.96_2020-08-23.jpg,888,501,983,532,illegal
../images/-63.24,-9.96_2020-08-23.jpg,950,284,977,310,illegal
../images/-63.28,-10.04_2020-08-23.jpg,205,545,244,565,illegal
../images/-63.28,-10.04_2020-08-23.jpg,270,823,290,840,illegal
../images/-63.28,-10.04_2020-08-23.jpg,306,633,349,700,illegal
../images/-63.28,-10.04_2020-08-23.jpg,351,603,465,682,illegal
../images/-63.28,-10.04_2020-08-23.jpg,374,767,408,789,illegal
../images/-63.28,-10.04_2020-08-23.jpg,469,485,520,519,illegal
../images/-63.28,-10.04_2020-08-23.jpg,479,823,586,874,illegal
../images/-63.28,-10.04_2020-08-23.jpg,71,699,101,729,illegal
../images/-63.28,-10.04_2020-08-23.jpg,78,393,101,416,illegal
../images/-63.28,-10.08_2020-08-23.jpg,246,635,487,774,illegal
../images/-63.28,-10.08_2020-08-23.jpg,256,35,280,60,illegal
../images/-63.28,-10.08_2020-08-23.jpg,916,933,969,962,illegal
../images/-63.28,-10.08_2020-08-23.jpg,944,690,1000,753,illegal
../images/-63.28,-10.0_2020-08-23.jpg,14,617,80,717,illegal
../images/-63.28,-10.0_2020-08-23.jpg,19,141,94,212,illegal
../images/-63.28,-10.0_2020-08-23.jpg,217,563,505,660,illegal
../images/-63.28,-10.0_2020-08-23.jpg,385,340,452,382,illegal
../images/-63.28,-10.0_2020-08-23.jpg,507,180,551,229,illegal
../images/-63.28,-10.0_2020-08-23.jpg,628,939,664,986,illegal
../images/-63.28,-10.0_2020-08-23.jpg,738,347,907,517,illegal
../images/-63.28,-10.0_2020-08-23.jpg,808,641,829,671,illegal
../images/-63.28,-9.84_2020-08-23.jpg,1,188,198,305,illegal
../images/-63.28,-9.84_2020-08-23.jpg,228,445,325,590,illegal
../images/-63.28,-9.84_2020-08-23.jpg,331,365,378,383,illegal
../images/-63.28,-9.84_2020-08-23.jpg,61,630,171,681,illegal
../images/-63.28,-9.84_2020-08-23.jpg,827,32,918,136,illegal
../images/-63.28,-9.88_2020-08-23.jpg,106,199,199,221,illegal
../images/-63.28,-9.88_2020-08-23.jpg,146,451,215,485,illegal
../images/-63.28,-9.88_2020-08-23.jpg,209,603,245,683,illegal
../images/-63.28,-9.88_2020-08-23.jpg,234,93,333,218,illegal
../images/-63.28,-9.88_2020-08-23.jpg,592,227,647,336,illegal
../images/-63.28,-9.88_2020-08-23.jpg,720,276,758,311,illegal
../images/-63.28,-9.88_2020-08-23.jpg,791,41,1000,247,illegal
../images/-63.28,-9.88_2020-08-23.jpg,88,498,116,537,illegal
../images/-63.28,-9.8_2020-08-23.jpg,1,86,151,262,illegal
../images/-63.28,-9.8_2020-08-23.jpg,114,268,208,412,illegal
../images/-63.28,-9.8_2020-08-23.jpg,222,680,366,737,illegal
../images/-63.28,-9.8_2020-08-23.jpg,498,9,617,112,illegal
../images/-63.28,-9.8_2020-08-23.jpg,578,638,633,666,illegal
../images/-63.28,-9.8_2020-08-23.jpg,821,337,974,439,illegal
../images/-63.28,-9.92_2020-08-23.jpg,1,264,70,328,illegal
../images/-63.28,-9.92_2020-08-23.jpg,138,246,187,273,illegal
../images/-63.28,-9.92_2020-08-23.jpg,199,357,554,497,illegal
../images/-63.28,-9.92_2020-08-23.jpg,584,506,599,536,illegal
../images/-63.28,-9.92_2020-08-23.jpg,688,326,709,361,illegal
../images/-63.28,-9.92_2020-08-23.jpg,770,527,939,567,illegal
../images/-63.28,-9.92_2020-08-23.jpg,791,371,851,401,illegal
../images/-63.28,-9.92_2020-08-23.jpg,97,696,184,863,illegal
../images/-63.28,-9.96_2020-08-23.jpg,1,450,41,469,illegal
../images/-63.28,-9.96_2020-08-23.jpg,272,331,302,411,illegal
../images/-63.28,-9.96_2020-08-23.jpg,464,840,551,890,illegal
../images/-63.28,-9.96_2020-08-23.jpg,59,546,100,581,illegal
../images/-63.28,-9.96_2020-08-23.jpg,618,476,654,490,illegal
../images/-63.28,-9.96_2020-08-23.jpg,620,577,642,654,illegal
../images/-63.28,-9.96_2020-08-23.jpg,758,535,797,581,illegal
../images/-63.32,-10.04_2020-08-23.jpg,143,239,244,281,illegal
../images/-63.32,-10.04_2020-08-23.jpg,29,462,46,482,illegal
../images/-63.32,-10.04_2020-08-23.jpg,300,616,441,691,illegal
../images/-63.32,-10.04_2020-08-23.jpg,349,36,594,58,illegal
../images/-63.32,-10.04_2020-08-23.jpg,543,363,578,385,illegal
../images/-63.32,-10.04_2020-08-23.jpg,575,547,624,600,illegal
../images/-63.32,-10.04_2020-08-23.jpg,589,113,602,146,illegal
../images/-63.32,-10.04_2020-08-23.jpg,687,559,710,587,illegal
../images/-63.32,-10.04_2020-08-23.jpg,714,307,750,395,illegal
../images/-63.32,-10.04_2020-08-23.jpg,740,449,762,464,illegal
../images/-63.32,-10.04_2020-08-23.jpg,813,332,836,381,illegal
../images/-63.32,-10.04_2020-08-23.jpg,875,567,974,747,illegal
../images/-63.32,-10.08_2020-08-23.jpg,116,397,148,423,illegal
../images/-63.32,-10.08_2020-08-23.jpg,301,616,647,747,illegal
../images/-63.32,-10.08_2020-08-23.jpg,58,478,105,520,illegal
../images/-63.32,-10.08_2020-08-23.jpg,608,517,641,533,illegal
../images/-63.32,-10.08_2020-08-23.jpg,794,671,827,719,illegal
../images/-63.32,-9.84_2020-08-23.jpg,141,93,278,234,illegal
../images/-63.32,-9.84_2020-08-23.jpg,159,966,183,1000,illegal
../images/-63.32,-9.84_2020-08-23.jpg,28,866,63,886,illegal
../images/-63.32,-9.84_2020-08-23.jpg,460,879,493,909,illegal
../images/-63.32,-9.84_2020-08-23.jpg,720,198,754,235,illegal
../images/-63.32,-9.84_2020-08-23.jpg,921,204,1000,224,illegal
../images/-63.32,-9.8_2020-08-23.jpg,320,1,479,66,illegal
../images/-63.32,-9.8_2020-08-23.jpg,398,518,444,586,illegal
../images/-63.32,-9.8_2020-08-23.jpg,541,18,625,200,illegal
../images/-63.32,-9.8_2020-08-23.jpg,852,431,897,506,illegal
../images/-63.32,-9.8_2020-08-23.jpg,937,188,1000,271,illegal
../images/-63.32,-9.96_2020-08-23.jpg,108,431,204,560,illegal
../images/-63.32,-9.96_2020-08-23.jpg,192,611,276,684,illegal
../images/-63.36,-10.08_2020-08-23.jpg,1,1,87,143,illegal
../images/-63.36,-10.08_2020-08-23.jpg,101,362,151,423,illegal
../images/-63.36,-10.08_2020-08-23.jpg,174,884,244,1000,illegal
../images/-63.36,-10.08_2020-08-23.jpg,174,79,265,130,illegal
../images/-63.36,-10.08_2020-08-23.jpg,181,528,312,667,illegal
../images/-63.36,-10.08_2020-08-23.jpg,288,665,337,747,illegal
../images/-63.36,-10.08_2020-08-23.jpg,322,773,486,923,illegal
../images/-63.36,-10.08_2020-08-23.jpg,442,446,645,684,illegal
../images/-63.36,-10.08_2020-08-23.jpg,499,771,560,867,illegal
../images/-63.36,-10.08_2020-08-23.jpg,554,658,867,886,illegal
../images/-63.36,-10.08_2020-08-23.jpg,564,883,921,1000,illegal
../images/-63.36,-10.08_2020-08-23.jpg,677,1,745,86,illegal
../images/-63.36,-10.08_2020-08-23.jpg,9,864,95,1000,illegal
../images/-63.36,-10.0_2020-08-23.jpg,128,841,195,881,illegal
../images/-63.36,-10.0_2020-08-23.jpg,20,497,61,534,illegal
../images/-63.36,-10.0_2020-08-23.jpg,253,191,363,216,illegal
../images/-63.36,-10.0_2020-08-23.jpg,309,252,358,305,illegal
../images/-63.36,-10.0_2020-08-23.jpg,349,294,399,420,illegal
../images/-63.36,-10.0_2020-08-23.jpg,552,835,643,934,illegal
../images/-63.36,-10.0_2020-08-23.jpg,789,347,852,418,illegal
../images/-63.36,-9.84_2020-08-23.jpg,10,139,202,197,illegal
../images/-63.36,-9.84_2020-08-23.jpg,358,115,476,270,illegal
../images/-63.36,-9.84_2020-08-23.jpg,811,326,971,356,illegal
../images/-63.36,-9.84_2020-08-23.jpg,823,859,960,964,illegal
../images/-63.36,-9.88_2020-08-23.jpg,234,903,301,995,illegal
../images/-63.36,-9.88_2020-08-23.jpg,284,821,381,914,illegal
../images/-63.36,-9.88_2020-08-23.jpg,304,195,347,254,illegal
../images/-63.36,-9.88_2020-08-23.jpg,435,810,470,856,illegal
../images/-63.36,-9.88_2020-08-23.jpg,499,526,702,679,illegal
../images/-63.36,-9.88_2020-08-23.jpg,622,281,710,368,illegal
../images/-63.36,-9.8_2020-08-23.jpg,1,116,72,196,illegal
../images/-63.36,-9.8_2020-08-23.jpg,116,1,190,47,illegal
../images/-63.36,-9.8_2020-08-23.jpg,164,838,403,947,illegal
../images/-63.36,-9.8_2020-08-23.jpg,383,1,543,148,illegal
../images/-63.36,-9.8_2020-08-23.jpg,589,647,731,704,illegal
../images/-63.36,-9.8_2020-08-23.jpg,807,606,920,695,illegal
../images/-63.36,-9.8_2020-08-23.jpg,856,427,906,527,illegal
../images/-63.36,-9.96_2020-08-23.jpg,1,315,211,468,illegal
../images/-63.36,-9.96_2020-08-23.jpg,100,637,263,903,illegal
../images/-63.36,-9.96_2020-08-23.jpg,269,776,389,929,illegal
../images/-63.36,-9.96_2020-08-23.jpg,480,900,633,1000,illegal
../images/-63.36,-9.96_2020-08-23.jpg,7,205,169,298,illegal
../images/-63.36,-9.96_2020-08-23.jpg,774,405,904,524,illegal
../images/-63.4,-9.92_2020-08-23.jpg,123,896,172,1000,illegal
../images/-63.4,-9.92_2020-08-23.jpg,525,213,646,249,illegal
../images/-63.4,-9.92_2020-08-23.jpg,714,660,1000,968,illegal
../images/-63.4,-9.92_2020-08-23.jpg,950,469,1000,656,illegal
../images/-63.44,-9.88_2020-08-23.jpg,127,343,424,517,illegal
../images/-63.44,-9.88_2020-08-23.jpg,500,480,540,504,illegal
../images/-63.44,-9.92_2020-08-23.jpg,142,203,219,244,illegal
../images/-63.44,-9.92_2020-08-23.jpg,178,463,255,527,illegal
../images/-63.44,-9.92_2020-08-23.jpg,537,224,759,328,illegal
../images/-63.44,-9.92_2020-08-23.jpg,865,909,969,961,illegal
../images/-63.44,-9.92_2020-08-23.jpg,931,537,1000,591,illegal
../images/-63.44,-9.96_2020-08-23.jpg,259,646,317,763,illegal
../images/-63.44,-9.96_2020-08-23.jpg,337,835,419,1000,illegal
../images/-63.44,-9.96_2020-08-23.jpg,856,780,968,1000,illegal
../images/-61.4,-9.29_2020-10-09.jpg,164,620,242,686,illegal
../images/-61.4,-9.29_2020-10-09.jpg,262,581,304,609,illegal
../images/-61.4,-9.29_2020-10-09.jpg,311,16,893,385,illegal
../images/-61.4,-9.29_2020-10-09.jpg,360,684,851,820,illegal
../images/-61.4,-9.29_2020-10-09.jpg,600,515,685,693,illegal
../images/-61.4,-9.29_2020-10-09.jpg,765,408,1000,692,illegal
../images/-61.4,-9.29_2020-10-09.jpg,891,2,1000,427,illegal
../images/-63.36,-9.92_2020-08-23.jpg,1,482,25,701,illegal
../images/-63.36,-9.92_2020-08-23.jpg,1,16,222,378,illegal
../images/-63.36,-9.92_2020-08-23.jpg,112,311,254,414,illegal
../images/-63.36,-9.92_2020-08-23.jpg,184,796,231,877,illegal
../images/-63.36,-9.92_2020-08-23.jpg,221,291,353,378,illegal
../images/-63.36,-9.92_2020-08-23.jpg,368,662,418,718,illegal
../images/-63.36,-9.92_2020-08-23.jpg,488,215,602,297,illegal
../images/-63.36,-9.92_2020-08-23.jpg,510,114,594,152,illegal
../images/-63.36,-9.92_2020-08-23.jpg,69,569,138,627,illegal
../images/-63.36,-9.92_2020-08-23.jpg,781,302,813,349,illegal
../images/-63.44,-9.8_2020-08-23.jpg,1,3,62,224,illegal
../images/-63.44,-9.8_2020-08-23.jpg,145,117,213,171,illegal
